dt,s1,s2,s1_norm,s2_norm,s1_ma10,s1_ma30,s1_ma60,s2_ma10,s2_ma30,s2_ma60
2015-01-01,61,18.565043988402174,0.11718312142946291,0.18755353881459946,,,,,,
2015-01-02,143,24.53278232268584,0.27470797318710155,0.24784267381550049,,,,,,
2015-01-03,190,36.22867166762759,0.364996607731114,0.36600051053262145,,,,,,
2015-01-04,251,44.25769484491228,0.4821797291605769,0.4471137958587926,,,,,,
2015-01-05,257,51.050744506040196,0.49370593782576994,0.5157406466264923,,,,,,
2015-01-06,256,44.18931146402045,0.4917849030482378,0.4464229520832334,,,,,,
2015-01-07,263,46.84338330644226,0.505232146490963,0.4732357388789644,,,,,,
2015-01-08,218,42.79711932642492,0.418785581502015,0.43235831737086633,,,,,,
2015-01-09,162,36.312571025841144,0.31120763396021295,0.36684810462111683,,,,,,
2015-01-10,140,27.51067008178473,0.268944868854505,0.27792681408258446,0.37287285031899586,,,0.37610430926847715,,
2015-01-11,178,39.63205264844679,0.3419441904007278,0.4003832002416094,0.3953489572161224,,,0.39738727541117813,,
2015-01-12,343,68.21143373395508,0.6589149286935373,0.6891066777117771,0.433769652766766,,,0.44151367580080586,,
2015-01-13,272,54.86419097999158,0.5225214594887526,0.5542660269981439,0.4495221379425298,,,0.4603402274473581,,
2015-01-14,317,55.85353034718546,0.6089680244777007,0.5642608376499112,0.4622009674742422,,,0.4720549316264699,,
2015-01-15,250,61.1473823909226,0.4802586943830447,0.6177420297970488,0.46085624312996964,,,0.4822550699435256,,
2015-01-16,379,69.97381582279237,0.7280721806846958,0.7069111600341134,0.4844849708936154,,,0.5083038907386135,,
2015-01-17,178,26.910487809480603,0.3419441904007278,0.2718634667953521,0.4681561752845919,,,0.48816666353025234,,
2015-01-18,349,59.197807369489425,0.6704411373587305,0.59804642903883,0.4933217308702635,,,0.5047354746970487,,
2015-01-19,309,49.674429100891636,0.5935997462574433,0.5018364067592492,0.5215609420999865,,,0.5182343049108619,,
2015-01-20,274,42.81637750885348,0.526363529043817,0.43255287334756476,0.5473028081189177,,,0.5336969108373599,,
2015-01-21,308,60.19821717548169,0.591678711479911,0.6081530789070387,0.572276260226836,,,0.5544738987039028,,
2015-01-22,191,31.02953261732614,0.36691764250864617,0.3134761573297753,0.543076531608347,,,0.5169108466657028,,
2015-01-23,367,55.882933341125955,0.7050197633543096,0.5645578816843195,0.5613263619949026,,,0.5179400321343203,,
2015-01-24,134,25.05174552856208,0.257418660189312,0.25308550468826674,0.5261714255660638,,,0.48682249883815587,,
2015-01-25,278,52.82949182356131,0.5340476681539457,0.5337104588319722,0.531550322943154,,,0.4784193417416482,,
2015-01-26,411,67.79700232848471,0.7895452935657254,0.6849198803769346,0.5376976342312568,,,0.4762202137759304,,
2015-01-27,335,54.05677874924284,0.6435466504732799,0.5461091370250462,0.5678578802385121,,,0.5036447807988997,,
2015-01-28,188,37.48140244560052,0.3611545381760496,0.37865623549279764,0.5369292203202439,,,0.48170576144429644,,
2015-01-29,261,51.50655726502636,0.5013900769358987,0.5203454994907304,0.5277082533880895,,,0.4835566707174445,,
2015-01-30,135,33.15068988552721,0.2593396949668441,0.334905169417328,0.5010058699803922,0.4737271761394353,,0.4737919003244209,0.46119770681008604,
2015-01-31,28,6.457554277032582,0.05378897377090101,0.0652375053623049,0.44721689620949123,0.4716140378841499,,0.4195003429699476,0.4571205056950095,
2015-02-01,127,29.90858446572394,0.2439714167465867,0.302151767643868,0.4349222736332853,0.4705894860027994,,0.4183679040013568,0.4589308088226218,
2015-02-02,223,49.336741152427656,0.42839075538967586,0.49842491095083497,0.40725937283682195,0.47270262425808485,,0.41175460692800836,0.4633449555032289,
2015-02-03,426,66.07790171379993,0.8183608152287082,0.6675526495713462,0.46335358834076157,0.48390866046035586,,0.4532013214163163,0.47069291729364743,
2015-02-04,394,71.61381859828052,0.7568877023476784,0.7234793041441258,0.48563759176013477,0.49268138594441946,,0.4721782059475316,0.47761753921090183,
2015-02-05,431,73.986343140656,0.8279659891163691,0.7474477565822127,0.4894796613151991,0.5038874221466905,,0.47843099356805946,0.4876516993608678,
2015-02-06,180,30.65985416596733,0.3457862599557922,0.309741477152386,0.4597036222634504,0.49857255926218486,,0.45479422758079346,0.4822018906366485,
2015-02-07,124,18.842333306211387,0.23820831241399018,0.1903548568649684,0.44740899968724446,0.49255331695925064,,0.4359640897180106,0.47413510861978525,
2015-02-08,221,38.97795507967075,0.42454868583461153,0.3937751731434452,0.4397248605771157,0.4963313520217306,,0.423307057083282,0.47503267757052947,
2015-02-09,273,54.87413309847297,0.5244424942662849,0.5543664673475265,0.46623514050705983,0.5048479395354566,,0.44525318687630183,0.484247332679361,
2015-02-10,342,54.822335132568796,0.6569938939160052,0.5538431778894033,0.5265556325215701,0.5153495963192991,,0.4941137541290117,0.48936266526762073,
2015-02-11,257,55.22450198893114,0.49370593782576994,0.5579060724966997,0.5515290846294885,0.5098426299570402,,0.5196891846142948,0.4849893117604515,
2015-02-12,216,47.339933785974516,0.4149435119469506,0.47825214496421475,0.550184360285216,0.5062566983723136,,0.5176719080156329,0.4824555156926538,
2015-02-13,227,37.60438128296024,0.4360748944998046,0.37989863040231303,0.5119557682123257,0.5004935940397169,,0.48890650609872954,0.4763101087844006,
2015-02-14,151,22.56108374257078,0.290076251407359,0.22792356958890567,0.4652746231182937,0.4941541792738608,,0.4393509326432075,0.4633161601107958,
2015-02-15,143,36.42063149438939,0.27470797318710155,0.36793978656352694,0.40994882152536694,0.479042039023941,,0.401400135641339,0.45201711432844294,
2015-02-16,300,61.479895863786,0.5763104332596536,0.6211012504150027,0.4330012388557531,0.48685424711923847,,0.4325361129676006,0.4636583737824313,
2015-02-17,296,53.708333895643925,0.5686262941495249,0.5425889694770976,0.4660430370293066,0.483460419012265,,0.46775952422881356,0.4618097917970402,
2015-02-18,155,31.654263663023173,0.2977603905174877,0.3197875088407667,0.4533642074975942,0.4735991071542665,,0.4603607577985457,0.45574149519975743,
2015-02-19,147,27.695844707561097,0.28239211229723027,0.27979754255404526,0.4291591693006887,0.4654667265960469,,0.43290386531919756,0.4506496508399735,
2015-02-20,172,35.929745677464865,0.33041798173553477,0.3629806077877801,0.3965015780826417,0.4567580356045677,,0.4138176083090352,0.4424772351359982,
2015-02-21,90,20.739618756129982,0.1728931299778961,0.20952220171456754,0.36442029729785436,0.45029055185354266,,0.378979221230822,0.4390121032821579,
2015-02-22,185,37.2077750046038,0.35539143384345306,0.37589191158881025,0.3584650894875046,0.4386362742031808,,0.3687431978932816,0.4327232376123076,
2015-02-23,279,49.96963779959127,0.5359687029314779,0.5048187555306585,0.3684544703306719,0.4479212756279197,,0.38123521040611613,0.4411143459737206,
2015-02-24,290,57.18200388143168,0.5571000854843319,0.5776817545475533,0.39515685373836923,0.44868968953893257,,0.4162110289019808,0.4425800558309067,
2015-02-25,206,39.49596356433394,0.39573316417162885,0.39900835893580117,0.40725937283682195,0.4355626185591293,,0.4193178861392083,0.4330496717828689,
2015-02-26,176,30.21362148762612,0.3381021208456635,0.3052334071467402,0.38343854159542295,0.4253811342382088,,0.387731101812382,0.4250204807869254,
2015-02-27,327,60.07954966148434,0.6281783722530224,0.6069542391840391,0.38939374940577265,0.43428192870744126,,0.3941676287830762,0.43263041424330007,
2015-02-28,78,19.23714561566717,0.14984071264750995,0.19434345209007295,0.3746017816187749,0.4225636165644949,,0.38162322310800684,0.4217636793299448,
2015-03-01,415,53.61954464838845,0.7972294326758542,0.5416919752366395,0.42608551365663727,0.4404932744881286,0.4571102253137819,0.4078126663762662,0.4286565728572552,0.44492713983367066
2015-03-02,219,38.78408633985384,0.42070661627954714,0.39181661229969483,0.4351143771110385,0.4527238625717501,0.46216895022795,0.41069626682745775,0.43954254308850155,0.44833152439175555
2015-03-03,121,31.881259864546625,0.23244520808139363,0.32208074019102856,0.44106958492138826,0.4523396556162437,0.4614645708095216,0.4219521206751038,0.44020684217340694,0.44956882549801436
2015-03-04,226,41.566527561002914,0.4341538597222724,0.41992625200192957,0.44894582750927026,0.4525317590939969,0.4626171916760409,0.4263555547164158,0.4375902202084434,0.4504675878558361
2015-03-05,275,39.660658132859766,0.5282845638213491,0.4006721874282011,0.44817741359825736,0.44286255071375163,0.4633856055870537,0.41594089790617,0.4286942048036719,0.44969356104865965
2015-03-06,345,36.64646678553544,0.6627569982486017,0.37022128980532515,0.4587431048746843,0.43972486057711574,0.46620312326076757,0.3951948514319472,0.4169189376590452,0.4472682384349735
2015-03-07,104,13.460592758382846,0.1997876168633466,0.13598577024401412,0.439148550143856,0.418785581502015,0.4613365018243527,0.3688925925627685,0.39653687144777194,0.44209428540431983
2015-03-08,183,29.75367135247068,0.35154936428838873,0.3005867563992091,0.4404932744881286,0.4189776849797682,0.45877512212097654,0.36842792748801545,0.3962317140893327,0.4392168023629906
2015-03-09,227,41.511583668622436,0.4360748944998046,0.419371180790752,0.4212829267128068,0.42557323771596206,0.4590632773376064,0.34966962164868665,0.40386559155352547,0.4390003500866554
2015-03-10,245,43.31048607081446,0.4706535204953838,0.43754460993662264,0.45336420749759415,0.4271100655379877,0.46172070877985916,0.3739897374333417,0.40532457277996475,0.44017862517524714
2015-03-11,204,43.441742930775874,0.39189109461656446,0.43887063365058926,0.4128303736916652,0.42269168554966374,0.46376981254256017,0.3637076032747366,0.4014747116567335,0.44286102216804724
2015-03-12,319,57.05697520101243,0.612810094032765,0.5764186510784423,0.4320407214669871,0.4212188922202224,0.4682842442697608,0.3821678071526114,0.40222722742970146,0.44579494634866107
2015-03-13,290,53.616760386052704,0.5571000854843319,0.5416638471991091,0.4645062092072808,0.4233320304755078,0.466587330216274,0.4041261178534194,0.40168581991978175,0.4433375658401166
2015-03-14,78,18.093176177313413,0.14984071264750995,0.18278648962916885,0.4360748944998045,0.41449527049885976,0.4603759844355866,0.38041214161614334,0.39183696474194696,0.43714624021730036
2015-03-15,279,54.09536296512326,0.5359687029314779,0.5464989344440708,0.4368433084108174,0.4178250641132489,0.459159329076483,0.39499481631773037,0.3973903082100055,0.436850208497203
2015-03-16,302,57.47186152283448,0.580152502814718,0.5806100442101854,0.4285828588674291,0.42749427249349414,0.4608242258836775,0.4160336917582163,0.40914652403071483,0.43623134207075526
2015-03-17,267,61.234220237230886,0.5129162856010917,0.6186193099903159,0.4598957257412035,0.4354345495739605,0.4572382942989508,0.46429704573284647,0.4175025081449411,0.434759811236692
2015-03-18,189,44.20774322397569,0.3630755729535818,0.44660915911879695,0.461048346607723,0.42832672089709145,0.457590484008165,0.47889928600480525,0.4116861051017342,0.43767223944208283
2015-03-19,334,62.03369802129741,0.6416256156957477,0.6266960421380557,0.4816034187273172,0.4307600316152989,0.4571102253137819,0.4996317721395357,0.41448967419043287,0.43814973299373655
2015-03-20,123,25.87054319104723,0.236287277636458,0.2613574160970492,0.45816679444142466,0.4287109278525979,0.4511550175034322,0.4820130527555784,0.412542004432309,0.4341417498160332
2015-03-21,265,39.05279017709927,0.5090742160460274,0.3945311954485376,0.46988510658437094,0.43626699797755786,0.45086686228680234,0.47757910893537325,0.416366459528792,0.4335080551843828
2015-03-22,422,53.62448013351079,0.8106766761185794,0.5417418360234514,0.4896717647929524,0.4522756211236593,0.4545168283641135,0.47411142742987417,0.4223251671366477,0.43240120113632297
2015-03-23,198,39.490957584617924,0.3803648859513714,0.3989577859766657,0.47199824483965636,0.45919134632277514,0.45474094908815893,0.4598408213076297,0.428639686612051,0.4338258949471045
2015-03-24,337,61.768342168366885,0.6473887200283442,0.6240152820335616,0.5217530455777398,0.4689245891956048,0.45378043169939286,0.503963700548069,0.436910465626876,0.4348168516195919
2015-03-25,308,53.997798075969115,0.591678711479911,0.5455132841953375,0.527324046432583,0.4707815894805526,0.45935143255423616,0.5038651355231957,0.4382669499156987,0.4396906479447097
2015-03-26,178,36.59099782788195,0.3419441904007278,0.3696609141170818,0.503503215191184,0.46360972631109915,0.4561497079250159,0.48277022251388535,0.43133292190134964,0.43695648886612815
2015-03-27,250,53.570439354164606,0.4802586943830447,0.5411958885205526,0.5002374560693793,0.466427243984813,0.45099493127197116,0.475027880366909,0.43607250622084137,0.43456108900185514
2015-03-28,71,21.42415258960053,0.1363934692047847,0.21643771147505775,0.4775692456944996,0.4597036222634504,0.4425423782508296,0.4520107356025351,0.4331126496984519,0.42906656524268866
2015-03-29,332,50.876165989357304,0.6377835461406833,0.5139769654509813,0.4771850387389932,0.4600237947263724,0.4471528617169068,0.4407388279338276,0.4300134072406833,0.4313219107419917
2015-03-30,204,41.00749430804385,0.39189109461656446,0.41427861308585645,0.4927454204370038,0.46809214079200756,0.44532787867825124,0.45603094763270835,0.43734457927387616,0.42955412930191045
2015-03-31,242,47.43989609778014,0.46489041616278726,0.4792620151987774,0.4883270404486798,0.4570141735749053,0.44875372403151703,0.46450402960773235,0.4352635806059474,0.4319600767316013
2015-04-01,231,51.042932280275096,0.4437590336099333,0.5156617235391472,0.4516352761978153,0.4577825874859182,0.4552532250288342,0.46189601835930194,0.4393917509805958,0.43946714703454864
2015-04-02,353,75.85076627264002,0.6781252764688591,0.7662831095428548,0.481411315249564,0.4726385897655004,0.46248912269087206,0.4986285507159208,0.4541984966256567,0.4472026693995318
2015-04-03,233,46.28889568346954,0.4476011031649977,0.46763402223437167,0.4614325535632293,0.4730868312135913,0.4628092951537941,0.4829904247360018,0.45578875563340476,0.44668948792092406
2015-04-04,113,22.520661997283458,0.2170769298611362,0.2275152085110415,0.4239723754013518,0.4627132434149175,0.45278789706433453,0.45119061716757225,0.4500168563361661,0.439355530569919
2015-04-05,191,32.48542551711631,0.36691764250864617,0.32818432961642746,0.4264697206121437,0.45285193155691894,0.44628839606701737,0.44704295871750677,0.4486156243298695,0.4327672809944573
2015-04-06,234,49.04839942905763,0.4495221379425298,0.4955119358649837,0.42339606496809223,0.4611764155928917,0.4399809985474534,0.4424745634519499,0.4605998298505685,0.4285683506491702
2015-04-07,175,26.69675930445396,0.3361810860681313,0.26970427247896145,0.4433748266544269,0.4606641396522165,0.43982091231599235,0.4478012195523403,0.45957041371989354,0.4279010639046132
2015-04-08,319,49.66678802614431,0.612810094032765,0.5017592127267383,0.44087748144363503,0.4665553129699818,0.44606427534297194,0.44657944427991597,0.4623166814510931,0.4330911365023093
2015-04-09,82,27.64854501791154,0.15752485175763867,0.27931969697586356,0.41744085715774243,0.4561176906787237,0.44161387810835573,0.43308355266891674,0.4570425176857345,0.43118354523284963
2015-04-10,184,33.29371742202773,0.3534703990659209,0.33635010650637376,0.40629885544805583,0.45483700082703554,0.43876434318834967,0.4187923617996764,0.4536251667809273,0.4275499392188304
2015-04-11,163,32.55187626753913,0.31312866873774514,0.32885564897373526,0.39323581896083704,0.4448476199838682,0.4330332561020453,0.4001117543431351,0.44537306671077037,0.42380014707023594
2015-04-12,259,47.804762315537005,0.4975480073808343,0.4829480797390472,0.37517809205203456,0.44286255071375163,0.4330972905946297,0.3717782513627544,0.4434158744621017,0.4225508471909417
2015-04-13,290,49.931312286685646,0.5571000854843319,0.5044315716609717,0.38612799028396794,0.45643786314164564,0.43546656682025275,0.37545800630541437,0.45413737719649505,0.422987170969221
2015-04-14,202,49.960352804845755,0.38804902506150013,0.5047249537802568,0.4032251998040043,0.4515072072126464,0.43466613566294765,0.40317898083233594,0.45274491117436794,0.42506760969218677
2015-04-15,278,49.623803665341725,0.5340476681539457,0.5013249628005197,0.41993820236853424,0.4499703793906207,0.4387323259420574,0.4204930441507451,0.4501020751273791,0.42962429957904696
2015-04-16,239,47.798230831747894,0.45912731183019073,0.48288209536006466,0.42089871975730037,0.4481774135982573,0.4418059815861089,0.41923006010025327,0.44557750130637075,0.43154000472565585
2015-04-17,187,38.275835115309484,0.35923350339851745,0.3866819993233023,0.423203961490339,0.4480493446130885,0.43818803275508994,0.4309278327846873,0.4435799293131876,0.4276330172074609
2015-04-18,141,19.43228780324831,0.2708659036320372,0.1963148779523402,0.3890095424502662,0.4356906875442981,0.4332253595797985,0.40038339930724753,0.42923389050699706,0.4218617823487149
2015-04-19,199,27.00853547726025,0.3822859207289036,0.27285399431988044,0.41148564934739273,0.440557308980713,0.43463411841665545,0.3997368290416492,0.4296171097810914,0.4210795571067002
2015-04-20,254,37.324815342108224,0.4879428334931734,0.3770743127453452,0.42493289279011803,0.4398529295622845,0.4380599637699211,0.40380924966554643,0.429035213690985,0.42270083660988855
2015-04-21,198,49.191747379356976,0.3803648859513714,0.4969601099375718,0.4316565145114805,0.4255092032233776,0.4388924121735185,0.42061969576193,0.4275424894881224,0.4249338283123851
2015-04-22,220,35.23562775028854,0.42262765105707933,0.35596827462671127,0.42416447887910513,0.4269179620602345,0.4430546541915048,0.4079217152506964,0.42610950577645723,0.42737459619425416
2015-04-23,137,34.79820687595984,0.2631817645219085,0.3515492259574501,0.3947726467828627,0.4141110635433533,0.44151782636947906,0.39263348068034426,0.4170273039072535,0.42696888476706474
2015-04-24,116,26.50701044321298,0.22284003419373274,0.2677873327488957,0.378251747696086,0.4018164409671474,0.43629901522385,0.36893971857720814,0.4077697721923721,0.4230183610540354
2015-04-25,124,26.994735967514057,0.23820831241399018,0.27271458463744597,0.34866781212209047,0.3983585783675895,0.4309841523393443,0.34607868076090076,0.40453822787638427,0.41793557488886696
2015-04-26,133,35.97664968423028,0.2554976254117798,0.3634544559757474,0.32830484348024935,0.390866542735214,0.4286468933600135,0.334135916822469,0.3986135134582241,0.4173430098395327
2015-04-27,290,55.030643414163,0.5571000854843319,0.5559476143454541,0.3480915016888308,0.4048900966111989,0.4322968594373246,0.35106247832468424,0.40993051022057064,0.4215215799595113
2015-04-28,320,64.12518498150554,0.6147311288102972,0.6478253096483658,0.3824780242066568,0.404121682700186,0.43207273871327917,0.3962135214942868,0.41439212169381684,0.4222027644672501
2015-04-29,212,35.33573636683128,0.4072593728368219,0.35697962290631424,0.38497536941744864,0.40463395864086127,0.4363630497164344,0.4046260843529302,0.4124821553544987,0.4249133673141874
2015-04-30,261,54.027149006344544,0.5013900769358987,0.5458098022570697,0.38632009376172116,0.40585061399996497,0.4314323937874352,0.4214996333041026,0.41470041492310844,0.4249819977645279
2015-05-01,144,31.283860859891792,0.27662900796463374,0.31604551089249694,0.3759465059630474,0.4002796131451216,0.4290311003155199,0.40340817339959506,0.4080465411682201,0.42371914607440797
2015-05-02,180,38.84015473230345,0.3457862599557922,0.39238304378384,0.3682623668529187,0.3892016459280194,0.43092011784675993,0.40704965031530804,0.3955832056429196,0.4248908511342881
2015-05-03,143,29.619079805090653,0.27470797318710155,0.29922704397291877,0.36941498771943804,0.38343854159542284,0.42826268640450704,0.4018174321168549,0.3899696397008711,0.42287919766713794
2015-05-04,321,48.53653975757606,0.6166521635878294,0.4903408685180482,0.40879620065884764,0.3967577160529793,0.4297354797339484,0.4240727856937701,0.398730495034438,0.4243736756853021
2015-05-05,204,35.15845940586995,0.39189109461656446,0.35518868067103776,0.42416447887910513,0.3975901644565766,0.42522104800674776,0.4323201952971293,0.39963064006959176,0.4241231321997307
2015-05-06,320,65.46435097124139,0.6147311288102972,0.6613542471823689,0.46008782921895686,0.4030971308188355,0.43213677320586363,0.46211017441779145,0.4051587171135046,0.43287927348203653
2015-05-07,225,55.04675678811146,0.43223282494474025,0.5561103998636658,0.4476011031649977,0.40629885544805583,0.4334814975501361,0.46212645296961263,0.41470558802632806,0.4371380008731108
2015-05-08,190,47.35950650763203,0.364996607731114,0.4784498785765559,0.42262765105707933,0.39803840590466744,0.43229685943732465,0.44518890986243165,0.41392861022132194,0.4381226458362076
2015-05-09,170,20.69230142970484,0.3265759121804704,0.20904417796068767,0.4145593049914441,0.40367344125209514,0.42989556596540945,0.430395365367869,0.4115860929208161,0.4343143053032753
2015-05-10,194,43.633622749837386,0.3726807468412427,0.4408091014029185,0.4016883719819786,0.4043137861779392,0.4295753935024874,0.41989529528245384,0.41506805941736763,0.4343466130991474
2015-05-11,146,33.8622461255789,0.28047107751969813,0.342093673305101,0.40207257893748505,0.40322519980400434,0.42403640989393626,0.42250011152371425,0.4155093268950798,0.4304411968029251
2015-05-12,311,56.78439113259467,0.5974418158125077,0.5736648678561579,0.4272381345231566,0.40655499341839346,0.42470877206607255,0.44062829393094605,0.4185332198323168,0.4309745471472093
2015-05-13,254,49.47296864206538,0.4879428334931734,0.49980115049981455,0.4485616205537638,0.4042497516853549,0.43034380741350026,0.46068570458363567,0.4183788724602782,0.43625812482838666
2015-05-14,252,50.906437722292644,0.4841007639381091,0.5142827859295979,0.43530648058879173,0.4074514763145752,0.42947934176361074,0.4630798963247906,0.41869746686525633,0.43572118901981216
2015-05-15,160,44.10961319094857,0.3073655644051486,0.44561779949854896,0.42685392756765017,0.3998954061896152,0.424932892790118,0.47212280820754166,0.4168405614218572,0.4334713182746182
2015-05-16,145,26.432102082263736,0.27855004274216594,0.26703057029836724,0.39323581896083704,0.39387616388668106,0.4210267887424692,0.4326904405191415,0.40964551058646737,0.427611505946419
2015-05-17,360,66.97045943168332,0.6915725199115844,0.6765697226625758,0.41916978845752145,0.4049541311037833,0.42650173785843587,0.4447363727990325,0.41930843469777646,0.43144418200548196
2015-05-18,306,64.77942660833511,0.5878366419248467,0.6544347920944275,0.4414537918768947,0.4155198223802103,0.4256052549622542,0.4623348641508197,0.43457909850251275,0.4319064945047549
2015-05-19,252,52.669819552531514,0.4841007639381091,0.5320973681492401,0.45720627705265865,0.4189136504871838,0.42973547973394843,0.49464018316967495,0.44322054429682467,0.43641882703895807
2015-05-20,140,41.13837740897148,0.268944868854505,0.41560086089552173,0.44683268925398484,0.4116137183325615,0.425733323947423,0.49211935911893523,0.44450476256849725,0.43676998812974116
2015-05-21,198,41.74985204123213,0.3803648859513714,0.42177828935987044,0.4568220700971521,0.41161371833256155,0.4185614607779696,0.5000878207244123,0.4419987018825739,0.4347705956853481
2015-05-22,144,46.89826461997326,0.27662900796463374,0.4737901778867019,0.4247407893123648,0.4067470968961467,0.4168325294781906,0.4901003517274666,0.4459260986579069,0.436017802217182
2015-05-23,97,22.178781086254954,0.18634037342062135,0.2240613532572316,0.39458054330510955,0.4041857171927704,0.40914839036806183,0.46252637200320834,0.4416765029012329,0.42935190340424323
2015-05-24,227,45.98476502531728,0.4360748944998046,0.46456153928016464,0.3897779563612791,0.4112935458696395,0.40655499341839346,0.457554247338265,0.4482356431189419,0.428002707655657
2015-05-25,346,66.58340628140097,0.6646780330261338,0.6726595144190539,0.4255092032233776,0.4255092032233776,0.41193389079548354,0.4802584188303155,0.46156714077832883,0.43305268432735655
2015-05-26,264,57.825210629803635,0.5071531812684952,0.5841797570258643,0.4483695170760106,0.4338977217519348,0.4123821322435744,0.5119733375030652,0.46892465081333273,0.43376908213577836
2015-05-27,217,39.503501846905976,0.4168645467244828,0.39908451450935395,0.42089871975730037,0.42922320379327317,0.417056650202236,0.4842248166877431,0.46369588081879604,0.43681319551968334
2015-05-28,198,42.17715563540377,0.3803648859513714,0.4260951281072041,0.4001515441599529,0.42141099569797563,0.41276633919908085,0.4613908502890207,0.456304874767424,0.4353484982306204
2015-05-29,161,36.34087621793297,0.3092865991826808,0.36713405810159155,0.38267012768441006,0.4181452365761709,0.4113895976085161,0.44489451928425583,0.4566433559405999,0.4345627556475493
2015-05-30,94,20.694866362424715,0.1805772690880248,0.20907009021862438,0.373833367707762,0.4074514763145751,0.40665104515727,0.42424144221656607,0.4454186988726517,0.43005955689788006
2015-05-31,240,39.201120660975405,0.4610483466077229,0.3960297056154099,0.38190171377339716,0.41359878760267815,0.4069392003738999,0.4216665838421201,0.44808483869674887,0.4280656899324845
2015-06-01,256,45.220840093701774,0.4917849030482378,0.4568439801726992,0.4034173032817575,0.41846540903909296,0.40383352748355617,0.41997196407071974,0.4502335365763775,0.4229083711096485
2015-06-02,293,52.209315424837726,0.5628631898169284,0.5274451206866617,0.44106958492138826,0.4280705829267539,0.40575456226108836,0.4503103408136628,0.4578408058001689,0.42390522275052006
2015-06-03,206,39.95462933897408,0.39573316417162885,0.40364203441864077,0.43703541188857076,0.4207066162795472,0.40873216616626323,0.4442183903275104,0.45495084466352204,0.42684066984898
2015-06-04,245,55.640003350540944,0.4706535204953838,0.5621036790739254,0.41763296063549565,0.4233320304755078,0.4104610974660422,0.43316280679299746,0.4618480112769516,0.43073932567327167
2015-06-05,153,37.39114786570423,0.2939183209624234,0.3777444377149766,0.39630947460488847,0.41263827021391203,0.4078677005163737,0.41251927486190876,0.4523943509613718,0.42877653403743826
2015-06-06,154,24.861269924088912,0.2958393557399555,0.2511612230275764,0.38420695550643574,0.4080918212404192,0.4071953383442375,0.397726945713731,0.44222937840016885,0.4284674832132484
2015-06-07,186,40.56032259310343,0.35731246862098526,0.4097610564537653,0.38190171377339716,0.40783568327008163,0.4029370445873745,0.39609353854838714,0.43993975099607585,0.4269341806086989
2015-06-08,388,72.01368418262089,0.7453614936824854,0.7275189501282697,0.4255092032233776,0.421795202653482,0.41273432195278864,0.43213202775105497,0.4572222434016619,0.434404168161239
2015-06-09,187,38.71864958822984,0.35923350339851745,0.39115553687518834,0.4433748266544269,0.4213469612053912,0.41283037369166525,0.4503405724167114,0.45556712458407084,0.43531759200071923
2015-06-10,309,55.81740162371757,0.5935997462574433,0.5638958468670457,0.45662996661939886,0.43178458349664944,0.4175048916503269,0.4671271865418749,0.46296053036946905,0.4392349286322744
2015-06-11,313,57.71239324233812,0.6012838853675719,0.5830400182634788,0.46757986485133235,0.4319126524818182,0.4192338229501058,0.47974679035095286,0.4632730353830464,0.44090312760768163
2015-06-12,193,43.76542392894196,0.3707597120637105,0.44214062410636285,0.44836951707601047,0.4280065484341694,0.4161281500597621,0.471216340692923,0.461351017836598,0.4398649451484381
2015-06-13,138,31.003590425514005,0.2651027992994407,0.31321407608278157,0.4353064805887918,0.42070661627954714,0.41407904629706116,0.46217354485933704,0.45464872750837076,0.4366730971868135
2015-06-14,303,51.84413242214303,0.5820735375922502,0.5237558558234533,0.4464484822984784,0.42986354871911725,0.4148794774543662,0.45833876253428985,0.45725332938586766,0.43704694540386246
2015-06-15,203,43.96434935402065,0.3899700598390323,0.44415027016252157,0.4560536561861393,0.43357754928901276,0.41372685658784697,0.4649793457790444,0.46315731938133947,0.4364014149839034
2015-06-16,254,52.1907205735868,0.4879428334931734,0.5272572660196855,0.47526400396146107,0.4267898930750657,0.41587201208942454,0.4925889500782553,0.4581802374932431,0.4387443360955097
2015-06-17,303,53.08795701681836,0.5820735375922502,0.5363216059795923,0.4977401108585876,0.4265977895973125,0.4210588059887614,0.505245005030838,0.4542431312894152,0.444411114895964
2015-06-18,141,45.99172501446602,0.2708659036320372,0.4646318526387418,0.45029055185354283,0.41948996092044344,0.41920180570381355,0.47895629528188516,0.4519942807723986,0.44760741253461167
2015-06-19,156,29.72608006850346,0.2996814252950199,0.300308015182559,0.4443353440431929,0.42051451280179397,0.4160641155671777,0.46987154311262225,0.4481511859152999,0.4463279742418986
2015-06-20,113,28.536632834372863,0.2170769298611362,0.28829161284417537,0.4066830624035623,0.41507158093211943,0.4133426496323404,0.44231111971033527,0.4437016300314434,0.4428501659570086
2015-06-21,250,37.05772762424895,0.4802586943830447,0.3743760564584376,0.39458054330510955,0.4218592371460665,0.4143031670211066,0.42144472352983103,0.4403878259838346,0.4431569623208707
2015-06-22,187,36.89669699665431,0.35923350339851745,0.3727492429651985,0.39342792243859026,0.42762234147866296,0.4159040293357167,0.4145055854157146,0.4453440889741002,0.4435102959376665
2015-06-23,185,29.53675745714522,0.35539143384345306,0.2983953816461105,0.4024567858929915,0.424932892790118,0.4181132193298787,0.4130237159720475,0.439805217052965,0.4440204300859535
2015-06-24,232,55.15620965938837,0.4456800683874655,0.5572161485682866,0.38881743897251303,0.4176329606354957,0.42157108192943665,0.41636974524653086,0.4359571048579394,0.4487621228181341
2015-06-25,178,34.5164594829427,0.3419441904007278,0.3487028701586077,0.3840148520286826,0.41212599427323676,0.4230118580125858,0.4068250052461395,0.42810787529569755,0.4485162630545151
2015-06-26,276,54.13086736614939,0.5302055985988814,0.5468576180033505,0.38824112853925336,0.4159040293357167,0.422563616564495,0.40878504044450603,0.4330336454121641,0.44836476311548
2015-06-27,115,23.784020894564257,0.22091899941620055,0.240278304150672,0.35212567472164835,0.410589166451211,0.41600008107459335,0.37918071026161393,0.4268397512802797,0.44157231302385186
2015-06-28,178,42.25724403536613,0.3419441904007278,0.42690422195262256,0.35923350339851745,0.41167775282514596,0.4149114947006584,0.375407947193002,0.4288320900753141,0.442737723007957
2015-06-29,286,60.534725727142416,0.5494159463742031,0.6115526598476911,0.38420695550643574,0.4239723754013519,0.4157119258579635,0.40653241165951526,0.4422481757296163,0.44383343730113395
2015-06-30,96,18.38961104087479,0.18441933864308915,0.1857812257431092,0.3809411963846311,0.4147514084691974,0.41417509803593777,0.3962813729494087,0.43523989306720623,0.4416623658819775
2015-07-01,295,59.86653849081014,0.5667052593719928,0.6048022917449732,0.3895858528835259,0.41724875367998926,0.4178570813595411,0.4193239964780622,0.4401718367862821,0.4452026866813298
2015-07-02,155,40.525122956785495,0.2977603905174877,0.40940545178293664,0.38343854159542284,0.4084119937033412,0.41824128831504753,0.422989617359836,0.4362371811561579,0.44703899347816345
2015-07-03,255,45.54718535582126,0.4898638682707056,0.46014088638116957,0.39688578503814814,0.41154968383997714,0.4161281500597621,0.43916416783334195,0.4381204762215755,0.4465356604425487
2015-07-04,112,21.192869580628734,0.21515589508360403,0.21410117261054182,0.373833367707762,0.40303309632625106,0.4131825634008795,0.4048526702375674,0.4265203926727961,0.4441842019748738
2015-07-05,169,34.81316309935539,0.3246548774029382,0.351700321350862,0.372104436407983,0.4040576482076016,0.40834795921075684,0.40515241535679286,0.42565225546065893,0.43902330321101535
2015-07-06,390,74.18665594971529,0.7492035632375498,0.7494714186986308,0.3940042328718499,0.41916978845752145,0.4136308048489703,0.4254137954263209,0.44226259531636075,0.44224598685826483
2015-07-07,363,63.340137209842155,0.6973356242441809,0.6398943568423306,0.44164589535464793,0.4305038936449613,0.4191697884575214,0.4653754006954868,0.44993370532931287,0.4449367281626943
2015-07-08,315,57.29669763574277,0.6051259549226363,0.578840449324383,0.4679640718068388,0.4258293756862997,0.42381228916989083,0.4805690234326628,0.44497775530251665,0.4510999993520893
2015-07-09,354,67.28851120723317,0.6800463112463913,0.6797828438417071,0.48102710829405765,0.4365231359478955,0.4289350485766433,0.4873920418320644,0.45459866553473394,0.4550828950594024
2015-07-10,324,61.65007639852951,0.6224152679204259,0.6228205009348747,0.5248267012217912,0.4374836533366615,0.43463411841665545,0.5310959693512409,0.4565628206703283,0.45976167551989866
2015-07-11,195,44.913216825242245,0.3746017816187749,0.4537362130886384,0.5056163534464695,0.4299275832117016,0.43092011784675993,0.5159893614856075,0.45225269383116695,0.45776286460710663
2015-07-12,512,94.24408760419905,0.9835698060964756,0.9521018185339594,0.5741972950043682,0.45035458634612713,0.4391805673901483,0.5702589981607098,0.4692514003120868,0.4653012090743424
2015-07-13,534,105.86021878408646,1.0,1.0,0.6252109081772976,0.4748511597028125,0.4477788879911798,0.6242449095225928,0.49214426444266074,0.4733964959755158
2015-07-14,314,68.50646057530005,0.6032049201451042,0.6920871892674789,0.6640158106834477,0.4755555391212409,0.45270954392017904,0.6720435111882865,0.49775530889079495,0.4775043191383313
2015-07-15,298,59.6936007258623,0.5724683637045893,0.6030551862799435,0.6887971593136129,0.48163881591675944,0.4576081826028861,0.6971789976811946,0.5030521394280423,0.4831047294046909
2015-07-16,424,84.0591570286278,0.8145187456736438,0.8492084575905248,0.6953286775572222,0.4925246796561085,0.4596572863655871,0.707152701570384,0.5137838458137369,0.48598204165349007
2015-07-17,304,69.76975972416975,0.5839945723697824,0.7048496812982007,0.6839945723697823,0.4925887141486929,0.45959325187300265,0.713648234015971,0.5194014483243572,0.48682228980688624
2015-07-18,246,41.826882581553505,0.472574555272916,0.4225564911483014,0.6707394324048103,0.49931233587005547,0.4594011483952495,0.6980198381983629,0.5179989362746759,0.48499660852353726
2015-07-19,429,73.0470929758802,0.8241239195613047,0.7379589725887061,0.6851471932363016,0.5167937523455983,0.46865413257369615,0.7038374510730627,0.5325873015215474,0.49036924371842366
2015-07-20,388,81.40416359364502,0.7453614936824854,0.8223863603969159,0.6974418158125076,0.53440323780631,0.47473740936921466,0.7237940370192669,0.5503904597733055,0.4970460449023745
2015-07-21,508,115.27645041433315,0.9758856669863468,1.0,0.7575702043492647,0.5509241368930867,0.4863916870195766,0.7784204157104031,0.5712445912246908,0.5058162086042628
2015-07-22,442,79.57812298398017,0.8490973716692231,0.8039387672441194,0.7441229609065396,0.5672529325021103,0.4974376369903866,0.7636041105814191,0.5856175753673215,0.5154808321707108
2015-07-23,686,136.30363467424735,1.0,1.0,0.7441229609065396,0.5887398847073284,0.5068363887487232,0.7636041105814191,0.6090043959791179,0.5244048065160415
2015-07-24,519,87.32840247573759,0.9970170495392008,0.8822360417557984,0.7835041738459493,0.6071177840790529,0.5123753723572743,0.782618995830251,0.6198383924187016,0.5278977486383205
2015-07-25,147,23.300858640124076,0.28239211229723027,0.23539715274060766,0.7544965487052133,0.6051327148089364,0.5086293545410866,0.7458531924763174,0.6160615351714349,0.5220847052335663
2015-07-26,479,84.6348587979442,0.9201756584379136,0.8550244903564354,0.7650622399816404,0.6181317168035708,0.5170178730696438,0.7464347957529085,0.6263337642498711,0.5296837048310176
2015-07-27,807,154.83547220245745,1.0,1.0,0.806662782744662,0.6441010834896975,0.5273451249704543,0.7759498276230884,0.651657820778182,0.5392487860292309
2015-07-28,704,124.5470680595099,1.0,1.0,0.8594053272173705,0.6660362771430066,0.5388570149840762,0.8336941785082583,0.6707610133797614,0.5497965517275376
2015-07-29,575,109.92775505597378,1.0,1.0,0.8769929352612401,0.6810557455971998,0.5525140604992758,0.8598982812493876,0.6837092580515048,0.5629787168905606
2015-07-30,428,94.17971070745355,0.8222028847837726,0.9514514503037487,0.8846770743713688,0.7023151971352225,0.55853330280221,0.8728047902400708,0.7092315988701929,0.5722357459686995
2015-07-31,311,64.43673511942485,0.5974418158125077,0.6509727479696241,0.8468326892539848,0.703339749016573,0.5602942513482811,0.8379020650370332,0.7107706140776814,0.5754712254319816
2015-08-01,224,49.162689962750456,0.43031179016720805,0.49666655710156626,0.8049541311037833,0.707758129004897,0.5580850613541192,0.8071748440227781,0.7136793175883024,0.5749582493722302
2015-08-02,415,77.24805081801065,0.7972294326758542,0.7803991903546713,0.7846770743713687,0.7180036478184021,0.5647766658291895,0.7852147630582451,0.7243545943874191,0.5812375353044973
2015-08-03,526,111.11669587608887,1.0,1.0,0.7849753694174486,0.7441651179822819,0.5735991071542664,0.7969911588826654,0.7505512219670677,0.5885358073199319
2015-08-04,485,103.84949172188357,0.9317018671031068,1.0,0.8499063448980362,0.7644000176389542,0.5842288329232779,0.8734514436086046,0.7721612112553723,0.5989067333580156
2015-08-05,653,131.48406983725832,1.0,1.0,0.8578887790542449,0.7727598988643691,0.5959648436609453,0.887948994572961,0.7805121639654179,0.6113873796408894
2015-08-06,476,104.28081843904332,0.9144125541053171,1.0,0.8493300344647766,0.779995796526407,0.6052498450856841,0.887948994572961,0.7925156854040069,0.6212246953666599
2015-08-07,545,111.63710964966954,1.0,1.0,0.8493300344647766,0.7931582646956524,0.609493820190976,0.887948994572961,0.8065543370931941,0.6257660461978554
2015-08-08,218,50.37301031052163,0.418785581502015,0.5088938302750426,0.7912085926149781,0.7844495737041732,0.6104863548260344,0.8388383776004653,0.800858036640972,0.627728351087853
2015-08-09,576,108.35234241966224,1.0,1.0,0.8089883041366009,0.797035731440159,0.6172596923884103,0.8436932325700905,0.8134306866098094,0.6349967536400689
2015-08-10,696,131.1324316601156,1.0,1.0,0.8492441225553501,0.8178823387195332,0.6239049609656174,0.8785959577731279,0.8316394795068548,0.6419460866690109
2015-08-11,518,117.94057510278701,0.9950960147616686,1.0,0.9057225450147962,0.8182665456750396,0.6343105660105834,0.9289293020629714,0.8332360855557229,0.6512437429339049
2015-08-12,601,122.61428050091024,1.0,1.0,0.9259996017472109,0.8182665456750396,0.6465588526889261,0.9508893830275043,0.8332360855557229,0.6626901749991918
2015-08-13,287,57.16198399273871,0.5513369811517354,0.5774795034258545,0.8811332998623843,0.8165376143752607,0.6460465767482508,0.9086373333700897,0.829415829361002,0.6635855691258984
2015-08-14,292,64.09234914229286,0.5609421550393963,0.6474935852609561,0.8440573286560132,0.8161534074197543,0.6488961116682569,0.8733866918961853,0.8308971093270359,0.6669746243775391
2015-08-15,235,58.675437052873974,0.451443172720062,0.592769177796434,0.7892016459280194,0.8040508883213016,0.648287783988705,0.8326636096758288,0.8223491333338994,0.6680664895738182
2015-08-16,568,89.83063174195412,1.0,0.9075148374374864,0.7977603905174877,0.8179177359089755,0.6552532250288343,0.8234150934195773,0.8291046385385422,0.6742530434314497
2015-08-17,425,89.07062811603835,0.816439780451176,0.8998368933592781,0.7794043685626054,0.8293799100815842,0.6643461229758197,0.8133987827555051,0.8450139852789081,0.681506460776792
2015-08-18,514,108.68272590852378,0.9874118756515399,1.0,0.8362669979775579,0.8348228419512586,0.6758082971484285,0.8625093997280009,0.853748686192618,0.6931679938570827
2015-08-19,855,161.89557227048135,1.0,1.0,0.8362669979775579,0.8433107921618425,0.6888570149840763,0.8625093997280009,0.8596691408460541,0.7050298003096798
2015-08-20,670,128.80690875888035,1.0,1.0,0.8362669979775579,0.8441146032622976,0.6975193700776923,0.8625093997280009,0.8596691408460541,0.7154568660353725
2015-08-21,688,116.62755587927853,1.0,1.0,0.836757396501391,0.8491446908733234,0.7081988116877169,0.8625093997280009,0.8662045152712501,0.7259110453192859
2015-08-22,186,36.31590834871297,0.35731246862098526,0.36688181995813246,0.7724886433634894,0.8277217731606896,0.7082308289340091,0.7991975817238142,0.8451005759365213,0.7270524859578197
2015-08-23,450,77.25416988403285,0.8644656498894805,0.7804610082791221,0.803801510237264,0.8233033931723657,0.7152105886257093,0.8194957322091408,0.841708074820632,0.7307732336196668
2015-08-24,761,145.11758354178517,1.0,1.0,0.8477072947333243,0.8472236560957913,0.7261781854523639,0.8547463736830453,0.8671948363959452,0.7416281857836899
2015-08-25,588,110.08989633737684,1.0,1.0,0.9025629774613181,0.8498844674811942,0.7340080921423825,0.8954694559034019,0.872027353384064,0.7491805588169674
2015-08-26,450,95.06765178569813,0.8644656498894805,0.9604218837477879,0.8890095424502663,0.8453666558108435,0.7447338696502704,0.9007601605344322,0.8707080828423236,0.7611829518102529
2015-08-27,486,114.72877275413411,0.9336229018806389,1.0,0.9007278545932124,0.8431540858735314,0.7545951815082691,0.9107764711985042,0.8707080828423236,0.7707345481110425
2015-08-28,373,66.54992849940959,0.7165459720195027,0.672321304798432,0.8736412642300087,0.8337056182741815,0.7573806819356907,0.8780086016783475,0.8597854596689379,0.7717473588602214
2015-08-29,222,54.49903118599652,0.4264697206121437,0.550576996601051,0.8162882362912232,0.8205145128017939,0.7614148549685082,0.8330663013384525,0.846422977878848,0.7778272883745205
2015-08-30,460,86.41414109101788,0.8836759976648022,0.8729997071576774,0.8046558360577034,0.8300556521968704,0.7666977006067217,0.8203662720542203,0.8538238765184497,0.7822972452980655
2015-08-31,597,116.79339182278069,1.0,1.0,0.8046558360577034,0.8490452591912968,0.7784016940980969,0.8203662720542203,0.8706016579483975,0.7921404877683499
2015-09-01,564,107.11114910170693,1.0,1.0,0.8689245891956048,0.8558042781021017,0.7869039629602519,0.883678090058407,0.8779216849365752,0.8011381396619971
2015-09-02,484,98.08900394897377,0.9297808323255745,0.9909451235839819,0.8754561074392143,0.8534636391796209,0.7988143785809514,0.904726501588893,0.8776198557227078,0.8140855388448878
2015-09-03,617,126.91809868906574,1.0,1.0,0.8754561074392143,0.8557402436095173,0.8100701306242358,0.904726501588893,0.8776198557227078,0.8248905334890401
2015-09-04,441,95.13727739733429,0.8471763368916908,0.9611252771716144,0.8601737411283834,0.8506461215059069,0.8117030101851381,0.9008390293060545,0.8763240316284283,0.8284180977969231
2015-09-05,316,49.24577641620164,0.6070469897001685,0.497505938811734,0.8344318751094522,0.840400602692402,0.8101981996094045,0.854547434812449,0.8595742295888195,0.826044957496413
2015-09-06,515,86.71731757043912,0.9893329104290721,0.8760625505119042,0.8400028759642953,0.8400450330400377,0.8166016488678451,0.8421536898636395,0.8554429812725496,0.8309986591828717
2015-09-07,742,146.16578429368093,1.0,1.0,0.8683482787623452,0.8594188469899706,0.8219342103470719,0.8749215593837963,0.8718131869300482,0.83633561178551
2015-09-08,828,169.22689024468713,1.0,1.0,0.9257013067011309,0.8594188469899706,0.8282272892150648,0.9198638597236913,0.8718131869300482,0.8426219367699288
2015-09-09,567,121.71626570372479,1.0,1.0,0.9373337069346507,0.8594188469899706,0.8386505928547519,0.9325638890079235,0.8718131869300482,0.8517263332184515
2015-09-10,633,124.65991033491164,1.0,1.0,0.9373337069346507,0.8595823131645816,0.8389244294198106,0.9325638890079235,0.8718131869300482,0.8525246362428854
2015-09-11,478,110.57857565893264,0.9182546236603815,1.0,0.9291591693006888,0.8568574672865943,0.837562006480817,0.9325638890079235,0.8718131869300482,0.8525246362428854
2015-09-12,439,86.27115868182055,0.8433342673366265,0.8715552259676544,0.920514512801794,0.866590710159424,0.8415641622673424,0.9206248992462907,0.8816157110147749,0.8555157701878885
2015-09-13,700,113.43589353235818,1.0,1.0,0.920514512801794,0.8812259716581109,0.8486896895389326,0.9206248992462907,0.8933659248394097,0.8621315170832227
2015-09-14,738,154.793551544269,1.0,1.0,0.9357968791126249,0.8995111992341088,0.8517810437777052,0.9245123715291292,0.9069402855795285,0.8646447094567139
2015-09-15,518,103.77630157253837,0.9950960147616686,1.0,0.9746017816187749,0.8993477330594978,0.8586327344842366,0.9747617776479558,0.9100231243316124,0.8695638814350772
2015-09-16,531,112.71664000427566,1.0,1.0,0.9756684905758677,0.9054664070444586,0.8674231585630212,0.9871555225967654,0.9133618945529698,0.8791879399159389
2015-09-17,537,114.69627863810749,1.0,1.0,0.9756684905758677,0.9058860111894073,0.8703544265703329,0.9871555225967654,0.9133618945529698,0.8835552903727938
2015-09-18,334,69.52659975176792,0.6416256156957477,0.7023931552942487,0.9398310521454425,0.8939401983792655,0.8686254952705539,0.9573948381261903,0.9034416663961113,0.8815554036210828
2015-09-19,333,50.52368962848984,0.6397045809182156,0.5104160695613468,0.903801510237264,0.8819303510765393,0.8630224771694184,0.908436445082325,0.8871222020481563,0.8733956714471052
2015-09-20,526,101.39655276165975,1.0,1.0,0.903801510237264,0.8819303510765394,0.8655375209749313,0.908436445082325,0.8871222020481563,0.8766633586597032
2015-09-21,553,129.0722893814544,1.0,1.0,0.9119760478712259,0.9033532687891731,0.8655375209749313,0.908436445082325,0.908226141382885,0.8766633586597032
2015-09-22,631,132.97355300278974,1.0,1.0,0.9276426211375632,0.9078710804595237,0.8655872368159446,0.9212809224855596,0.9155441077735811,0.8786260912971066
2015-09-23,663,114.13819617383518,1.0,1.0,0.9276426211375632,0.9078710804595237,0.8775473682776574,0.9212809224855596,0.9155441077735811,0.8913694720847631
2015-09-24,538,102.95502892417457,1.0,1.0,0.9276426211375632,0.9078710804595237,0.8788777739703589,0.9212809224855596,0.9155441077735811,0.8937857305788225
2015-09-25,334,80.35396382041709,0.6416256156957477,0.811776706896809,0.8922955812309711,0.9004430793197327,0.8729048675652881,0.9024585931752405,0.910589268545215,0.8906486756937694
2015-09-26,232,44.538450501207684,0.4456800683874655,0.44995013262768546,0.8368635880697177,0.8841783182032936,0.8636662020384125,0.8474536064380089,0.8922542729661379,0.8814811779042308
2015-09-27,289,45.02102439354257,0.5551790507067996,0.4548253401038156,0.7923814931403976,0.8787994208262034,0.8562525195501925,0.7929361404483906,0.8850044074763175,0.8723949335726277
2015-09-28,243,52.18751667752286,0.46681145094031945,0.527224898628304,0.7749000766648548,0.880144145170476,0.850329328986135,0.7754193147817962,0.8842260042105592,0.8653244910447035
2015-09-29,456,95.33967776505641,0.8759918585546735,0.9631700288698799,0.7985288044285006,0.8798880072001384,0.8549718296985044,0.8206947107126494,0.8872316816009659,0.8705277790597079
2015-09-30,574,108.37548103650025,1.0,1.0,0.7985288044285006,0.8798880072001384,0.8644666331957176,0.8206947107126494,0.8872316816009659,0.8789166697746817
2015-10-01,428,85.10770182410056,0.8222028847837726,0.8598013916616427,0.7807490929068779,0.8739614366929308,0.8648828573975162,0.8066748498788137,0.882558394656354,0.8802400397964646
2015-10-02,338,69.90853106523917,0.6493097548058764,0.7062516201311967,0.7456800683874655,0.8646124007756075,0.8590380199776142,0.7773000118919333,0.8730686112079279,0.8753442334653179
2015-10-03,212,40.75728103460958,0.4072593728368219,0.4117508310391078,0.6864060056711476,0.8448543798701683,0.8502973117398428,0.718475094995844,0.8534603055758981,0.865540080649303
2015-10-04,632,122.06367136716035,1.0,1.0,0.6864060056711476,0.8499485019737786,0.8502973117398428,0.718475094995844,0.8547561296701776,0.865540080649303
2015-10-05,583,120.82355442161838,1.0,1.0,0.7222434441015728,0.8630469356504397,0.8517237691714209,0.7372974243061632,0.8715059317097864,0.865540080649303
2015-10-06,480,103.42839886368075,0.9220966932154459,1.0,0.7698851065843709,0.8608057284099855,0.8504253807250116,0.7923024110433946,0.8756371800260563,0.865540080649303
2015-10-07,599,123.75104863273715,1.0,1.0,0.8143672015136909,0.8608057284099855,0.860112287699978,0.8468198770330131,0.8756371800260563,0.8737251834780523
2015-10-08,268,55.01618972450999,0.514837320378624,0.5558015958041006,0.8191697884575214,0.8446336390892729,0.8520262430396218,0.8496775467505927,0.8608305665528597,0.8663218767414539
2015-10-09,267,59.295150955576695,0.5129162856010917,0.5990298435711616,0.7828622311621632,0.8283975152759759,0.8439081811329733,0.8132635282207209,0.8474648946718984,0.8596390408009733
2015-10-10,180,33.62956792038126,0.3457862599557922,0.33974303945704176,0.7174408571577425,0.8065903906078358,0.8330863518862086,0.747237832166425,0.8254563293204665,0.8486347581252573
2015-10-11,623,115.43034803373774,1.0,1.0,0.7352205686793652,0.8093152364858229,0.8330863518862086,0.7612576930002609,0.8254563293204665,0.8486347581252573
2015-10-12,418,84.04624003565169,0.8029925370084507,0.849077963542408,0.7505888468996226,0.8079705121415504,0.8372806111504871,0.7755403273413821,0.8247070872396249,0.8531613991272
2015-10-13,657,117.48977346565026,1.0,1.0,0.8098629096159404,0.8079705121415504,0.8445982418998307,0.8343652442374712,0.8247070872396249,0.8590365060395173
2015-10-14,308,62.003321755721785,0.591678711479911,0.6263891656174162,0.7690307807639315,0.7943598025242141,0.8469355008791614,0.7970041607992128,0.8122533927602055,0.8595968391698671
2015-10-15,390,93.42916570387769,0.7492035632375498,0.9438690620504158,0.7439511370876865,0.7861633874734102,0.8427555602664539,0.7913910670042543,0.8103823614952194,0.8602027429134158
2015-10-16,525,97.73744003661257,1.0,0.9873934457143232,0.7517414677661419,0.7861633874734102,0.8458148972589344,0.7901304115756866,0.8099621430190301,0.8616620187859999
2015-10-17,92,23.726149620243024,0.17673519953296046,0.2396936590347521,0.669414987719438,0.7587212274578422,0.8323036193236246,0.714099777479162,0.7846185983201885,0.8489902464365792
2015-10-18,511,90.38340831219614,0.9816487713189433,0.9130992681551003,0.71609613281347,0.7700553326452819,0.8319977655122737,0.7498295447142619,0.7916421354155503,0.8475419009058309
2015-10-19,531,104.98722981831676,1.0,1.0,0.7648045042533608,0.7820651799480082,0.8319977655122737,0.7899265603571457,0.8079615997635055,0.8475419009058309
2015-10-20,512,97.22285602695348,0.9835698060964756,0.9821948557142531,0.828582858867429,0.7815175068178907,0.8317239289472149,0.8541717419828669,0.8073680949539805,0.8472451485010684
2015-10-21,466,102.5278928050348,0.8952022063299954,1.0,0.8181030795004286,0.7780242470288906,0.8406887579090319,0.8541717419828669,0.8073680949539804,0.8577971181684327
2015-10-22,812,154.56258832722088,1.0,1.0,0.8378038257995837,0.7780242470288906,0.8429476637442072,0.869263945628626,0.8073680949539804,0.8614561013637807
2015-10-23,329,72.71089289337706,0.6320204418080868,0.7345625079607411,0.8010058699803922,0.7657582617558268,0.8368146711076753,0.8427201964247001,0.7985201785526718,0.8570321431631265
2015-10-24,152,31.914520010741878,0.2919972861848912,0.3224167511438875,0.7710377274508903,0.742158171295323,0.8250146258774235,0.8123229549773473,0.7759340702574682,0.8457390890155245
2015-10-25,391,76.85450477310859,0.7511245980150819,0.7764233875796289,0.7712298309286435,0.7458081373726343,0.8231256083461834,0.7955783875302685,0.7747556262802286,0.8426724474127218
2015-10-26,553,119.80071035575448,1.0,1.0,0.7712298309286435,0.7642854684263853,0.8242318933148395,0.7968390429588362,0.7930906218593059,0.8426724474127218
2015-10-27,547,109.37523473405487,1.0,1.0,0.8535563109753473,0.7791128334028254,0.8289561271145144,0.8728696770553611,0.811263110522512,0.8481337589994147
2015-10-28,518,87.14563664591846,0.9950960147616686,0.8803896481690997,0.8549010353196198,0.7967223188635372,0.8384332320170066,0.869598715056761,0.8230352688405385,0.8536306365255488
2015-10-29,488,90.37787402036719,0.9374649714357033,0.913043357917667,0.8486475324631902,0.7987714226262381,0.8393297149131882,0.8609030508485278,0.8213643798087982,0.8542980307048821
2015-10-30,256,64.41832832440801,0.4917849030482378,0.6507867931425954,0.7994690421583664,0.7818309193945127,0.8308594632973256,0.8277622445913619,0.8097239395802179,0.848477810590592
2015-10-31,177,40.35181007412616,0.3400231556231956,0.40765455668755074,0.7439511370876865,0.7657582617558268,0.8198598492243788,0.7685277002601171,0.794652378414415,0.8386053865353845
2015-11-01,578,104.46483202296774,1.0,1.0,0.7439511370876865,0.7774479365956309,0.8210301686856192,0.768527700260117,0.8044439910767084,0.8387563011423181
2015-11-02,500,96.9595793521192,0.9605173887660894,0.9795351005268506,0.7768008317834868,0.7958898704599398,0.820372125165054,0.793024959516728,0.8233701333929665,0.8384152194844322
2015-11-03,513,80.18605779651926,0.9854908408740077,0.8100804346450439,0.8461501872523984,0.7954062318224068,0.8226773668980927,0.8417913278668436,0.817039481214468,0.8358978054423228
2015-11-04,538,84.07928866768391,1.0,0.8494118376713623,0.8710377274508903,0.7954062318224068,0.8292265837364232,0.849090172876017,0.8120198758035133,0.8417629037566499
2015-11-05,470,85.70145970663845,0.902886345440124,0.8657998364883079,0.8613263619949028,0.7947658868965627,0.8277858076532741,0.8356701565248479,0.8075465370197903,0.8415918585229233
2015-11-06,362,81.99693505413762,0.6954145894666487,0.8283748398852026,0.8308678209415674,0.7846130398787844,0.8227093841443849,0.818507640513368,0.8018256983492971,0.8387314391876768
2015-11-07,235,48.28911208232362,0.451443172720062,0.48784122800422797,0.7765025367374069,0.7824999016234989,0.8135667703563859,0.7792527984968809,0.7995603527559679,0.8301954596544139
2015-11-08,532,99.50696756717544,1.0,1.0,0.7827560395938364,0.7987360254367959,0.8135667703563859,0.7879484627051141,0.8129260246369292,0.8301954596544139
2015-11-09,595,97.60032322083596,1.0,0.9860082217393109,0.8335775492890128,0.8205431501049361,0.8135667703563859,0.8214706055647858,0.8344681973796715,0.8299622633500691
2015-11-10,795,159.32777826379163,1.0,1.0,0.8995752337266932,0.8205431501049361,0.8149291932953795,0.8807051498960305,0.8344681973796715,0.8299622633500691
2015-11-11,558,109.69513418282939,1.0,1.0,0.8995752337266932,0.8271100655379878,0.817540288839769,0.8807051498960305,0.839498931928258,0.8321030095839415
2015-11-12,352,71.99797840244841,0.676204241691327,0.7273602823301739,0.871143919019217,0.8163168735943653,0.8121436928679578,0.855487668076363,0.8304109413392637,0.8275590142894445
2015-11-13,405,72.0459877555939,0.7780190849005324,0.7278452972907773,0.8503967434218694,0.8225282193750527,0.8084440109496335,0.8472641543409363,0.8337928123950424,0.823023102577624
2015-11-14,163,32.72628757639929,0.31312866873774514,0.33061764093057866,0.7817096102956439,0.8079923895583926,0.7970778885159013,0.795384734666858,0.8133510983577145,0.8118667299264669
2015-11-15,461,81.72035298902269,0.8855970324423345,0.825580666862108,0.779980678995865,0.8041789573064704,0.7951711723899403,0.791362817704238,0.8079573390626407,0.8089597410408355
2015-11-16,718,121.90173798445159,1.0,1.0,0.8104392200492001,0.8316211173220384,0.7951711723899403,0.8085253337157177,0.8333008837614823,0.8089597410408355
2015-11-17,558,113.35481470381367,1.0,1.0,0.8652949027771939,0.8322328249447403,0.801144078795011,0.8597412109152949,0.8361975748229789,0.8139198551192646
2015-11-18,863,161.78529253566666,1.0,1.0,0.8652949027771939,0.8322328249447403,0.8071490024463742,0.8597412109152949,0.8361975748229789,0.8220795872932422
2015-11-19,650,143.8675739441569,1.0,1.0,0.8652949027771939,0.8327804980748578,0.8071490024463742,0.8611403887413637,0.8367910796325038,0.8220795872932422
2015-11-20,307,55.20920132330765,0.5897576767023789,0.5577514973723048,0.8242706704474317,0.8225990137539371,0.800311630391414,0.8169155384785942,0.8220494628782473,0.8147087789161138
2015-11-21,317,57.71477528190177,0.6089680244777007,0.5830640828415126,0.7851674728952018,0.8095646145698604,0.7937944307993755,0.7752219467627455,0.8081515989729644,0.8077598469634725
2015-11-22,463,77.75464132175809,0.8894391019973988,0.7855170258829391,0.8064909589258091,0.818145236576171,0.791951749165999,0.7810376211180221,0.8098500829037043,0.8041851307281881
2015-11-23,484,91.45906269670787,0.9297808323255745,0.9239660771151356,0.8216671336683132,0.8394046881141937,0.7907814297047584,0.8006496991004578,0.8299017271027459,0.802917898680107
2015-11-24,391,67.19653004802943,0.7511245980150819,0.6788536032795135,0.865466726596047,0.8394046881141938,0.7926064127434139,0.8354732953353514,0.8266494009594089,0.8007025136198187
2015-11-25,323,62.14150078310433,0.6204942331428938,0.6277851205955861,0.8389564466661028,0.8267544958856236,0.7955199821560045,0.8156937407086993,0.814242238312595,0.8036664300859505
2015-11-26,461,98.7928298505458,0.8855970324423345,0.9980555316515133,0.8275161499103364,0.8229410636337013,0.8010269485182634,0.8154992938738506,0.8141774227009788,0.8127202666117453
2015-11-27,462,96.52601624946811,0.8875180672198666,0.9751550250337654,0.8162679566323229,0.8193551320489745,0.8080387254562559,0.813014796377227,0.8173362685964676,0.820185768718503
2015-11-28,229,42.55859291372993,0.43991696405486896,0.42994860194925766,0.7602596530378098,0.8027701984696134,0.8007708105479258,0.7560096565721528,0.8012331100641873,0.8112987449364927
2015-11-29,42,18.36481862507889,0.08068346065635151,0.18553076011958639,0.668327999103445,0.7890668170565506,0.7854488682255316,0.6745627325841115,0.785724575630087,0.7977242576051524
2015-11-30,466,80.14844200592255,0.8952022063299954,0.8097004207519376,0.6988724520662066,0.8075727854134438,0.7866655235846355,0.6997576249220747,0.7991261044322331,0.7968892414233241
2015-12-01,337,76.30995459491042,0.6473887200283442,0.7709220640682497,0.702714521621271,0.7958190760810554,0.7866335063383432,0.7185434230447484,0.7914901732345082,0.7979670821556083
2015-12-02,383,73.18577987249293,0.7357563197948245,0.7393600583207508,0.6873462434010136,0.7883270404486798,0.7921084554543097,0.7139277262885295,0.7834843384943048,0.8034272359436356
2015-12-03,163,29.00828925824207,0.31312866873774514,0.293056526488149,0.6256810270422306,0.7659149680441377,0.7806605999332722,0.650836771225831,0.7662502082224083,0.7916448447184382
2015-12-04,518,90.9957512968281,0.9950960147616686,0.9192854691577894,0.6500781687168893,0.7657515018695268,0.7805788668459667,0.6748799578136585,0.7685793292719559,0.7902996025377346
2015-12-05,78,21.375779005316314,0.14984071264750995,0.21594901686580614,0.603012816667351,0.7406499807764396,0.7677079338365012,0.6336963474406805,0.7469176352845392,0.7772320861521647
2015-12-06,484,83.4816735733448,0.9297808323255745,0.8433744253246778,0.607431196655675,0.7484621888717371,0.7665376143752608,0.618228236807997,0.7474176214658551,0.774621659907576
2015-12-07,501,88.75221136078251,0.9624384235436216,0.8966200849690904,0.6149232322880505,0.7654953638991892,0.7739976327613439,0.6103747428015295,0.7610435833646838,0.7803019680603259
2015-12-08,515,80.54270980495971,0.9893329104290721,0.8136835150552023,0.6698648269254708,0.7651397942468248,0.7819379098418103,0.6487482341121239,0.7548330338665238,0.7838795292517264
2015-12-09,352,67.9171653900879,0.676204241691327,0.6861338288842775,0.7294169050289684,0.7543466023032024,0.7874448762040693,0.698808540988593,0.7448372207713561,0.7896527090755138
2015-12-10,425,86.79277660669445,0.816439780451176,0.8768248761651085,0.7215406624410863,0.7482279283182416,0.7843855392115889,0.7055209865299101,0.740731383310193,0.7875997903449322
2015-12-11,202,44.54858334821294,0.38804902506150013,0.45005249981384937,0.6956066929444019,0.7278295624869583,0.7774698140124731,0.6734340301044701,0.7223997999706546,0.7809493659494563
2015-12-12,137,25.173885263085904,0.2631817645219085,0.25431942255316003,0.6483492374171103,0.714062146581311,0.7651895100878382,0.624929966527711,0.7066317713114209,0.7685213563253422
2015-12-13,213,45.201805998975196,0.4091804076143541,0.4566516880442059,0.6579544113047713,0.701767524005105,0.7621478716900789,0.6412894826833168,0.6975919843365351,0.7656923983657887
2015-12-14,567,98.93228973814253,1.0,0.9994644265325485,0.6584448098286044,0.7246632350471801,0.7663278123027865,0.6493073784207926,0.7198868771899342,0.7666189877738244
2015-12-15,492,94.49937163940855,0.945149110545832,0.9546808280012314,0.7379756496184366,0.7266483043172968,0.7654136308118835,0.7231805595343352,0.7241902158945717,0.7660737774786062
2015-12-16,237,59.81060383298748,0.4552852422751264,0.6042372113162073,0.6905260906133918,0.7084911457264677,0.7700561315242531,0.6992668381334881,0.7109981229384452,0.7721495033499637
2015-12-17,382,81.5818353109686,0.7338352850172923,0.8241812906622102,0.6676657767607589,0.6996189885603774,0.7659259067525589,0.6920229587028002,0.7051374992938523,0.7706675370584155
2015-12-18,384,71.5643677334421,0.7376773545723566,0.7229797262975189,0.6425002211750874,0.6908749003794559,0.7615538626620981,0.6829525798270317,0.6959034901704361,0.7660505324967075
2015-12-19,154,21.272773030921105,0.2958393557399555,0.2149083980001069,0.6044637325799501,0.6674028789041212,0.7500916884894894,0.6358300367386147,0.6697337701037731,0.7532624248681384
2015-12-20,675,100.42135255517921,1.0,1.0,0.6228197545348326,0.681077623014042,0.7518383183839894,0.6481475491221038,0.6844753868580296,0.7532624248681384
2015-12-21,768,114.5174009370145,1.0,1.0,0.6840148520286826,0.6941120221981186,0.7518383183839894,0.7031422991407189,0.6983732507633125,0.7532624248681384
2015-12-22,334,54.170619108340134,0.6416256156957477,0.5472592103683661,0.7218592371460665,0.6858515726547302,0.7519984046154505,0.7324362779222395,0.6904313235794934,0.7501407032415988
2015-12-23,530,103.03142012974445,1.0,1.0,0.780941196384631,0.6881922115772111,0.7637984498457023,0.7867711091178189,0.6929657876756555,0.7614337573892007
2015-12-24,390,61.6829521522926,0.7492035632375498,0.623152628559421,0.755861552708386,0.6881281770846266,0.7637664325994102,0.7491399293205061,0.6911090885183191,0.758879244738864
2015-12-25,399,81.16100571864514,0.7664928762353393,0.8199298555819876,0.7379959292773368,0.6929947985210414,0.7598746472033325,0.7356648320785818,0.6975139130178658,0.7558780756652304
2015-12-26,294,50.634578585539316,0.5647842245944605,0.5115363263365573,0.7489458275092702,0.6823010382594457,0.7526210509465735,0.7263947435806168,0.6812966061740339,0.7477370144375064
2015-12-27,435,80.69168433583378,0.8356501282264978,0.8151885317131823,0.7591273118301907,0.6805721069596667,0.7499636195043207,0.7254954676857139,0.6759643897300145,0.7466503291632411
2015-12-28,608,105.5688429418146,1.0,1.0,0.7853595763729551,0.699241541491171,0.7510058699803923,0.7531974950559622,0.6949661029983726,0.7480996065312799
2015-12-29,391,89.16439269074968,0.7511245980150819,0.900784150894113,0.8308881006004677,0.7215895794031286,0.7553281982298397,0.8217850703453629,0.7188078826908569,0.7522662291604719
2015-12-30,526,102.2329046681083,1.0,1.0,0.8308881006004677,0.7250828391921289,0.7663278123027865,0.8217850703453629,0.7251512019991256,0.7621386532156793
2015-12-31,94,20.782648642192424,0.1805772690880248,0.20995691156016993,0.7489458275092702,0.7095224574941182,0.7526707667875867,0.7427807615013797,0.7064523635821895,0.7489712684083488
